{
    "total_best_f1_score": 0.5246953175112251,
    "total_best_f1_score_topk": 0.5246953175112251,
    "total_best_f1_score_all": 0.5246953175112251,
    "attacks": [
        {
            "start": "10/10 02:08:30",
            "end": "10/10 02:11:01",
            "sensors": [
                "1_MV_001_STATUS",
                "2A_AIT_003_PV",
                "2_P_003_SPEED",
                "2_FIT_001_PV",
                "1_P_003_STATUS",
                "2A_AIT_004_PV"
            ],
            "topk_sensors": [
                "2A_AIT_003_PV",
                "1_MV_001_STATUS",
                "2_FIT_001_PV",
                "2_MCV_501_CO",
                "2_P_003_SPEED",
                "2_MV_003_STATUS",
                "1_P_003_STATUS",
                "1_FIT_001_PV",
                "1_P_001_STATUS",
                "2_FIC_601_CO",
                "2_PIC_003_PV",
                "3_FIT_001_PV",
                "2_FIC_201_CO",
                "2_P_004_SPEED",
                "1_LT_001_PV",
                "2B_AIT_004_PV",
                "2_FIC_101_CO",
                "2_FQ_301_PV",
                "2_FQ_201_PV",
                "2A_AIT_004_PV",
                "2_FIC_301_CO",
                "2_MCV_601_CO",
                "2_FIC_501_CO",
                "2_FIT_002_PV",
                "2_MCV_401_CO",
                "2_FIC_201_PV",
                "2_PIT_001_PV",
                "2_MCV_101_CO",
                "2B_AIT_003_PV",
                "2_DPIT_001_PV",
                "1_AIT_005_PV",
                "2_FIC_401_CO"
            ],
            "topk_scores": [
                207.28565554813855,
                194.7753667191906,
                143.86743321441517,
                107.93082109017939,
                100.45244432359476,
                96.04945125065431,
                91.23936359386023,
                65.90255231841206,
                58.28203231029715,
                48.89913097394034,
                41.99749592411726,
                34.79382644298849,
                32.34464595926546,
                32.22365891121472,
                29.586008854334345,
                25.901672922851194,
                23.98275321729195,
                16.847077569528707,
                13.495495297049839,
                12.020740593827071,
                11.544935588075651,
                11.450574336518935,
                10.425955458030453,
                8.069420188108074,
                6.503996147097262,
                6.398041940938346,
                5.634306642101864,
                5.209335660327078,
                4.361710626794928,
                3.831495849669553,
                2.7446765323718187,
                2.4307344294100477
            ]
        },
        {
            "start": "10/10 03:38:25",
            "end": "10/10 03:39:24",
            "sensors": [
                "1_FIT_001_PV",
                "2_LS_101_AL",
                "2_LS_401_AL",
                "1_P_003_STATUS",
                "2_MV_003_STATUS",
                "2_FIT_001_PV",
                "1_MV_001_STATUS",
                "2_MV_101_STATUS"
            ],
            "topk_sensors": [
                "1_FIT_001_PV",
                "2_LS_101_AL",
                "2_LS_401_AL",
                "2_FIT_001_PV",
                "2_MV_101_STATUS",
                "1_P_003_STATUS",
                "2_MV_003_STATUS",
                "1_P_001_STATUS",
                "2_MCV_301_CO",
                "2_MV_401_STATUS",
                "3_AIT_001_PV",
                "2_FIC_101_PV",
                "2_LS_601_AH",
                "2_FIC_401_SP",
                "1_MV_001_STATUS",
                "2_MCV_101_CO",
                "2_FIC_301_SP",
                "2_LT_002_PV",
                "2_FQ_401_PV",
                "2_MCV_601_CO",
                "2_FIC_501_PV",
                "2_FIC_201_SP",
                "2_FIC_101_CO",
                "2_FIC_401_PV",
                "2_FQ_301_PV",
                "3_AIT_003_PV"
            ],
            "topk_scores": [
                257.9397572778653,
                241.87884438644176,
                204.9471693678483,
                181.36685845112765,
                138.56489044900417,
                102.82680088896203,
                80.2235467997441,
                48.89063026464691,
                47.42129092841456,
                41.6565909826488,
                41.30981050961877,
                32.95698776896362,
                32.10927304335846,
                22.46082139078408,
                20.61600750159594,
                18.87490165699623,
                18.081419706151394,
                9.332994787410588,
                9.270815855812131,
                3.1230132039333025,
                3.043314567223885,
                1.832853297406424,
                1.8032239782251782,
                1.2947521994434719,
                1.2810561109769711,
                0.8260603072208964
            ]
        },
        {
            "start": "10/10 03:41:30",
            "end": "10/10 03:44:24",
            "sensors": [
                "3_MV_002_STATUS",
                "2_DPIT_001_PV",
                "2_FQ_401_PV",
                "2_MV_401_STATUS",
                "2_FIC_501_SP",
                "2_FQ_201_PV",
                "2_FIT_001_PV",
                "2_PIT_001_PV",
                "1_P_003_STATUS",
                "2_FIC_201_PV",
                "2_MV_003_STATUS",
                "1_MV_002_STATUS"
            ],
            "topk_sensors": [
                "3_MV_002_STATUS",
                "2_DPIT_001_PV",
                "2_P_002_STATUS",
                "2_PIT_001_PV",
                "2_SV_101_STATUS",
                "1_P_004_STATUS",
                "2_MV_004_STATUS",
                "1_AIT_003_PV",
                "1_AIT_001_PV",
                "2_FQ_401_PV",
                "2_FIC_501_SP",
                "1_MV_003_STATUS",
                "2_P_003_SPEED",
                "2_FQ_201_PV",
                "2_MV_401_STATUS",
                "2_FIT_001_PV",
                "2_MV_003_STATUS",
                "1_MV_002_STATUS",
                "2_MV_601_STATUS",
                "1_P_003_STATUS",
                "2_MV_501_STATUS",
                "2_P_004_SPEED",
                "1_FIT_001_PV",
                "1_P_001_STATUS",
                "2_FIC_101_CO",
                "TOTAL_CONS_REQUIRED_FLOW",
                "2_FIC_201_PV",
                "2_PIC_003_PV",
                "2_MCV_501_CO"
            ],
            "topk_scores": [
                12425.701533444226,
                12004.494084098147,
                7106.892886757851,
                6800.814320889099,
                6564.970490336418,
                6193.625868111849,
                5565.3696566820145,
                4879.963784749643,
                3980.3958162651043,
                248.27448630536722,
                243.97785351877158,
                225.10621678084135,
                195.06114062537912,
                194.30621388756168,
                184.2621382124947,
                138.39524941413865,
                80.03396599340051,
                75.01124441623688,
                73.48404521079276,
                58.04761837524653,
                52.76132075816606,
                41.65932485882968,
                40.38922636220011,
                39.59246032988672,
                33.554321676611096,
                30.44453108037504,
                23.460311611203785,
                17.555425504139752,
                13.159994311671056
            ]
        },
        {
            "start": "10/10 03:45:04",
            "end": "10/10 03:46:29",
            "sensors": [
                "3_AIT_001_PV",
                "2_FIT_001_PV",
                "2_LT_002_PV",
                "2_MV_003_STATUS"
            ],